id,name,city,email
1,Marcus Robinson,Morgantown,lisavargas@joseph.com
2,Ashley Williams,East Lauren,melissa32@gmail.com
3,Abigail Jones,Port Deborah,friedmanbetty@gmail.com
4,Jodi Brown,West Robert,bbennett@hotmail.com
5,Alexis Morris,West Chrisfurt,srichards@yahoo.com
6,Jennifer Franklin,East Stephen,dorseyerin@hotmail.com
7,Rebecca Brown,New John,dianevargas@morris.biz
8,Jeremy West,Fletcherchester,damon34@hotmail.com
9,Bryan Harris,South Christopher,michaelstevens@wilson.org
10,William Jenkins,Port Michele,juliebarnes@mason-pollard.com
11,Ryan Lewis,Huntermouth,jacksonjennifer@benson.biz
12,Brian Johnson,East Katelyn,tammymoreno@gmail.com
13,Crystal Jones,Lake Brendamouth,andreatorres@yahoo.com
14,Christina Gomez,Jeremyshire,bholmes@hotmail.com
15,Mr. Victor Davis,Mooreside,justinescobar@hotmail.com
16,Patrick Thomas,North Beth,harmonmargaret@peterson-ewing.com
17,Spencer Cunningham,Lake Jacob,sylvia29@gmail.com
18,Cheryl Williams,Brandyview,gary43@williams.com
19,Michael Watkins,Turnerport,perezdanielle@steele.net
20,Emily Jensen,East Kenneth,hawkinsrichard@davis.org
21,David Morrow,Robertshire,paul08@yahoo.com
22,Chelsea Glenn,South Eric,leeandrew@gmail.com
23,Caleb Davis,Martinborough,rwheeler@gmail.com
24,Rita Ellis,Obrienshire,perezjasmine@williams-wilson.com
25,Ian Malone,East Amy,youngjeffery@gmail.com
26,Eric Wilson,Paulshire,brianfernandez@gmail.com
27,Laura Oliver,South Kelly,tammy12@hotmail.com
28,Paige Garcia,Lesliemouth,tylerjim@gmail.com
29,Erik Fowler,Davidville,maynarddominique@edwards.net
30,Anna Mitchell,Danatown,smithnancy@hotmail.com
31,Matthew Adams,Sparksview,dcosta@powers.com
32,Nathan Sullivan,Jenniferfort,morganmary@yahoo.com
33,Amy Gaines,Aaronfort,catherine43@hotmail.com
34,Jonathan Fernandez,Port Christianbury,rkim@yahoo.com
35,Steven Obrien,Jeffreystad,michael29@beasley.org
36,Travis Martin,New Lindsayland,bpetersen@gmail.com
37,Traci Gonzales,Lauramouth,myerslisa@howard.com
38,Linda Sellers,South Samanthamouth,amanda31@gmail.com
39,Cathy Larson,West Denisestad,jamesbarker@davis.com
40,Heather Murillo,New Jessica,joshua87@brooks.com
41,Lance Miller,Jamesmouth,stephanieandrews@gmail.com
42,Keith Williams,Lake Victorville,frankballard@gmail.com
43,Jason Lawson,East Kayla,dustin94@schultz.net
44,John Dickson,Charlesview,jbarrett@gmail.com
45,Paul Martin,Curtisstad,jonesnicole@flynn-le.info
46,Anthony Carter,Port Staceyside,david39@miller-villegas.com
47,Christian Alvarez,Lake Williamfurt,ballmichael@noble.com
48,Shane Walsh,Scottland,charlespennington@medina-jackson.com
49,Heidi Barnes,North Regina,kaitlinshelton@hotmail.com
50,Sharon Henderson,Flowersmouth,tinabranch@hotmail.com
51,Kenneth Jones,North Thomas,janet10@bishop-miller.biz
52,Dr. Jay Schmidt,Dudleytown,jasminewilliams@sanders.com
53,Rickey Johnson,North Jessicaborough,dawn16@gmail.com
54,Joseph Ramos,Powerschester,hoffmanjared@hotmail.com
55,Linda Chapman,Lake Jesus,jason12@murphy-harris.info
56,Catherine Dyer,Lake Paul,davisrobert@yahoo.com
57,Maria Jordan,Kathrynton,torresmichelle@gmail.com
58,Amy Lewis,Lopeztown,vnguyen@gmail.com
59,Chad Dorsey,New Brittanyport,cynthiarodriguez@brewer.com
60,Ryan Watson,New Albert,ajacobs@hahn.biz
61,Kayla Collier,Daviston,nicolashendricks@lawrence-lewis.biz
62,Ashley Kennedy,Robertside,jacoblewis@gmail.com
63,Karen Wilson,Chavezhaven,matthew00@yahoo.com
64,Chelsea Walker,Thomasbury,karen59@chase.org
65,Terrance Farley,Petersborough,gonzalesdavid@hotmail.com
66,John Cooper,Lauraside,flemingjessica@yahoo.com
67,Jodi Oconnor,Alexisport,zsmith@short-boyd.com
68,Julie Marshall,Hillmouth,xsmith@gmail.com
69,Tracy Francis,New Brian,fowleralexandra@walker.com
70,Christopher Scott,Elizabethside,pvaldez@barnett-adkins.com
71,Renee Perez,Jamesshire,ericcarter@gmail.com
72,Jennifer Cooley,East Emilyborough,mackenziedavidson@gmail.com
73,Robert Ellis,South Johnville,oburgess@webb.com
74,Scott Phillips,Austinview,guzmanjackson@valenzuela.com
75,Alejandro Saunders,West Deniseport,shermanelizabeth@savage-alvarado.org
76,Melissa Kaiser,Wellston,kroy@morse.com
77,Kelsey Barnes,Johnsonville,georgelewis@anderson.net
78,Karen Martin,New Shane,wpalmer@barrett.info
79,Laura Rios,Port Kristiberg,qblake@larson.com
80,Kelly Lewis,Port Steveberg,ruizjennifer@smith.biz
81,Edwin Clark,Choiville,mwilson@hotmail.com
82,Troy Robbins,Lake Kristen,ericaadkins@yahoo.com
83,Autumn Coleman,Mccarthystad,chadjenkins@rose-clark.net
84,Amy Brown,Smithton,michaeljames@gmail.com
85,Colin Schroeder,Brittanybury,elizabethdominguez@gmail.com
86,Jon Shelton,East Jeremiah,alexandria89@hotmail.com
87,Roberto Shepherd,South Julie,ocobb@riddle.com
88,Meagan Pearson,West Jonathanmouth,rcain@gmail.com
89,Barbara Brown,Cobbside,elewis@herrera.com
90,Alicia Perry,Lake Matthew,lali@brown-petty.com
91,Renee Huynh,Kathleenbury,nataliebishop@thomas-walker.net
92,Marie Wade,Michelefort,erinoliver@escobar.biz
93,Mary Mcclure,Brandishire,nwalter@jones.com
94,Deborah Montes,Elizabethton,villanuevagary@park-simon.com
95,Samuel Williams,Robertstad,nicholasfigueroa@roberts-ramirez.info
96,Diana Johnson,South Karenton,gardneramber@hotmail.com
97,Patricia Dorsey,Lewisville,xcohen@brennan.biz
98,Joseph Hunter,Simonville,brandon05@powell-williams.com
99,Jacqueline Jones,Camachohaven,castillojames@bennett-lee.com
100,Alexis Kelley,East Jamie,meghanwilliams@yahoo.com
